{"cameraMode":{"drawMode":0,"name":"Shaded","section":"Shading Mode"},"sceneLighting":true,"audioPlay":false,"sceneViewState":{"m_AlwaysRefresh":true,"showFog":true,"showSkybox":true,"showFlares":true,"showImageEffects":true,"showParticleSystems":true,"showVisualEffectGraphs":true,"m_FxEnabled":true},"in2DMode":false,"pivot":{"x":2.159343719482422,"y":147.9256591796875,"z":-39.12252426147461},"rotation":{"x":-0.19406676292419434,"y":-0.18503735959529878,"z":0.034790728241205218,"w":-0.9634678363800049},"size":23.834455490112306,"orthographic":false}